UserID,UserCode,UserName,UserPWD,Category,UserBranchs,DefaultCountry,LanguageName,DisableNotification,DisableLangaugeEditor,DisableMailSettings,DisableBranchMessage,DisableBranchControlForm,DisableDashboardReport,HiddenReports,UserDevices,LastLoginDatetime1,LastLoginDatetime2,LastActivityDatetime,PasswordChangeDateTime,IsActive,Name,SurName,TaxNo,PhoneNumber,EMail,SmsRequired,SmsRequiredYedek,Locked,NewUser,EncryptedPass,PhoneCode,CalculatePoint,ReLogin,PwdCantChange,TicketCreate,TicketUser,ExpoToken,ExpoTokenUpdatedDate,ExpoTokenUpdatedAt
2,"D485662B-8798-4FBC-9F3A-E8154D956717","volkanmumcu","Tavukd2024.!",4,"0","Türkiye","tr",false,false,false,false,false,false,"","ios","2024-05-18T19:08:23.180Z","2021-08-16T21:10:21.210Z","2021-08-16T21:10:22.650Z",null,true,"Volkan","Mumcu","1","5332932891","asa@asd.com",true,true,null,true,"FE-DE-E9-8B-DA-9C-37-51-BE-2F-F2-6D-1D-D9-FB-89-9D-9D-0C-5B-7C-BC-06-7D-40-EC-0E-F5-FD-E4-7D-02","+90",null,null,null,null,null,null,null,null
3,"2E5CF8BA-3896-40A1-8931-96C495A3F486","mediterra","Tavukd2024.!",4,"247,256,180,234,166,225,179,237,178,224,241,182,195,240,175,223,189,230,238,203,213,216,217,25,206,204,214,200,227,211,248,254,235,167,194,232,164,255,236,30,251,192,165,239,161,249,202,173,172,221,212,193,199,226,243,191,233,218,196,229,197,168,181,231,170,210,205,209,174,176,215,244,220,246,228,245,198,208,155,69,222,207,242,201,253,183,67,49,144,110,55,124,83,59,118,90,40,8,86,77,143,146,80,70,147,159,177,4,151,107,10,99,89,190,85,108,31,125,158,115,29,97,122,19,74,96,135,26,136,126,156,33,3,250,39,16,82,7,35,47,68,140,65,88,84,9996,117,76,154,130,128,139,38,186,54,62,87,138,106,24,45,219,141,103,48,94,134,112,153,11,71,160,187,6,184,162,114,53,100,64,148,63,17,73,41,109,52,142,9,145,169,98,137,43,27,113,188,21,78,28,92,12,95,9995,150,133,57,36,365,18,111,101,50,163,149,14,105,51,44,157,131,58,75,23,61,46,5,13,81,120,56,185,102,15,20,257,79,66,72,37,119,34,2,123,116,42,121,60,152,104,252,91,22,32,171,132,93,1,129,127","Türkiye","tr",false,false,false,false,false,false,"","ios","2022-10-21T23:19:13.523Z","2021-08-16T13:37:08.227Z","2021-08-16T13:37:09.010Z",null,true,"Ahmet","Faralyalı","1","5338101091","ahmet.faralyali@mediterra.com",true,false,null,true,"FE-DE-E9-8B-DA-9C-37-51-BE-2F-F2-6D-1D-D9-FB-89-9D-9D-0C-5B-7C-BC-06-7D-40-EC-0E-F5-FD-E4-7D-02","+90",null,null,null,null,null,null,null,null
4,"018AA24B-19F9-4875-828F-779A2F8DAF0B","ismailtanil","Tavukd2024.!",4,"180,166,179,178,182,195,175,189,203,213,25,206,204,214,200,211,167,194,164,30,192,165,161,202,173,172,212,193,199,191,196,197,168,181,170,210,205,209,174,176,198,208,155,69,207,201,183,67,49,144,110,55,124,83,59,118,90,40,8,86,77,143,146,80,70,147,159,177,4,151,107,10,99,89,190,85,108,31,125,158,115,29,97,122,19,74,96,135,26,136,126,156,33,3,39,16,82,7,35,47,68,140,65,88,84,9996,117,76,154,130,128,139,38,186,54,62,87,138,106,24,45,141,103,48,94,134,112,153,11,71,160,187,6,184,162,114,53,100,64,148,63,17,73,41,109,52,142,9,145,169,98,137,43,27,113,188,21,78,28,92,12,95,150,133,57,36,18,111,101,50,163,149,14,105,51,44,157,131,58,75,23,61,46,5,13,81,120,56,185,102,15,20,79,66,72,37,119,34,2,123,116,42,121,60,152,104,91,22,32,171,132,93,1,129,127","Türkiye","tr",false,false,false,false,false,false,"","ios","2021-11-22T17:20:09.960Z","2021-01-27T17:15:56.020Z","2021-01-27T17:15:58.003Z",null,false,"İsmail","Tanıl","1","5066296303","a@a.com",true,false,null,true,"FE-DE-E9-8B-DA-9C-37-51-BE-2F-F2-6D-1D-D9-FB-89-9D-9D-0C-5B-7C-BC-06-7D-40-EC-0E-F5-FD-E4-7D-02","+90",null,null,null,null,null,null,null,null
5,"5843E3F0-93D9-441B-81B9-383E6A6F2EBE","erhankarakoc","Tavukd2024.!",4,"0","Türkiye","tr",false,false,false,false,false,false,"","ios,ePLKCpNfMxk:APA91bEUkSJj7b29gXdevlakXICKLtdM1YWv4yXOkNyO39AQ55Eu6jvGaz0T6WQEkJdMBK7PrI_A4nm0J_HHQbo1rM6hkSsQCUwgKqMNoPQH8HRdfoQXMa08dh4SVgDvoYLD6fczr890","2024-05-21T10:32:08.160Z","2021-08-17T12:17:16.493Z","2021-08-17T12:17:17.413Z",null,true,"Erhan","Karakoç","1","5303431413","erhan.karakoc@tavukdunyasi.com",false,false,null,false,"FE-DE-E9-8B-DA-9C-37-51-BE-2F-F2-6D-1D-D9-FB-89-9D-9D-0C-5B-7C-BC-06-7D-40-EC-0E-F5-FD-E4-7D-02","+90",null,false,null,null,null,null,null,null
6,"9AEC83B1-5B40-477D-8D9E-1036CBE2A925","serhan.aksu","Tavukd2024.!",4,"180,166,293,179,178,182,195,175,189,203,213,25,206,204,214,200,211,167,194,164,30,192,165,161,202,173,172,295,212,193,199,191,196,197,168,181,170,210,205,209,174,176,198,208,155,69,207,201,183,67,49,144,110,55,124,83,59,118,90,40,8,86,77,143,146,80,70,147,159,177,4,151,107,10,99,89,190,85,108,31,125,158,115,29,97,122,19,74,96,135,26,136,126,156,33,3,39,16,82,7,35,47,68,140,65,88,84,9996,117,76,154,130,128,139,38,186,54,62,87,138,106,24,45,141,103,48,94,134,112,153,11,71,160,187,6,184,162,114,53,100,64,148,63,17,73,41,109,52,142,9,145,169,98,137,43,27,113,188,21,78,28,92,12,95,150,133,57,36,365,18,111,101,50,163,149,14,105,51,44,157,131,58,75,23,61,46,5,13,81,120,56,185,102,15,20,79,66,72,37,119,34,2,123,116,42,121,307,60,291,152,104,91,22,32,171,132,93,1,129,127","Türkiye","tr",false,false,false,false,false,false,"","ios","2024-12-13T10:27:14.167Z","2021-08-10T15:44:26.283Z","2021-08-10T15:44:27.500Z",null,true,"Serhan","Aksu","1","5455384531","serhan.aksu@tavukdunyasi.com",true,true,null,false,"51-2B-A3-2D-7F-54-9F-B0-78-01-39-40-6F-C6-85-63-45-15-58-0C-02-9C-6E-7E-45-31-75-B7-9D-AB-CE-E0","+90",null,false,null,null,null,null,null,null
8,"18DA73AA-0A92-4B5F-A91B-863B0B40D369","suleyman.apaydin","Tavukd2024.!",1,"312","Türkiye","tr",false,false,false,false,false,false,"","c0MoZziCKII:APA91bFMwc7UtsSmGGhPbhQZvLebQhQYMQmoCGuL04npPo4GctWMQ4pLrYyjmaW4yd1slQ3UV0DA9OoEDZG4gE9yDwbZUf3907RwnTAIF-RRC2zmUkTqJF_s43F9heV2XrFgiC-aTvGp,cXPndC85qNU:APA91bGkhfm_6lWnKTHyX31aDEXcjD34ychjjtV1r9hLrKx9qTOFQK6PqZBwJe2wmTvO3hQ3ZvqQSKcImjqTuWb41Akx2QQo4fkrlcT56DjlHPibvwNkRYEdJ2rmwt_akO2ZFDwW4ISY,ios","2024-12-12T15:04:10.167Z","2021-08-15T15:31:21.770Z","2021-08-15T15:31:23.520Z",null,true,"Süleyman","Apaydın","1","5553532288","suleyman.apaydin@tavukdunyasi.com",true,true,null,false,"36-12-23-66-80-19-BE-E5-03-61-E2-57-0B-7F-EA-43-B1-23-46-38-AD-A8-CD-71-F0-A1-6F-AA-85-A9-6F-93","+90",null,false,null,null,null,null,null,null
29,"03ED6E8A-B201-4D87-B51F-C6E95CF40E53","akif.eryigit","Tavukd2024.!",1,"48,300","Türkiye","tr",false,false,false,false,false,false,"","ios,ceF7BYgiwJE:APA91bEmTXn9s9lZZk_Pap1JVK-eC5HUUqjkvucmXGMQYPXsPIY5h0O9wVNqBn9GqsFhb0BSpAhpUvpSOzXUXkuGSZWmKuoRHDhe5UTq3OgdyxootHtoOSRoI8h0NZYQeYJV8wlDzXd_","2024-12-12T22:04:52.770Z","2021-08-16T20:52:45.027Z","2021-08-16T20:52:46.747Z",null,true,"Akif","Eryiğit","11111111111","5308722636","ibrahim.cicek@robotpos.com",true,null,null,false,"F2-BD-3B-38-F2-3E-22-88-B2-F1-B9-A5-8A-1D-B6-F7-9C-48-FD-2A-58-E3-DF-B7-49-94-C6-E6-FB-86-30-60","+90",null,false,null,null,null,null,null,null
192,"7E057B80-D0D2-4EC6-B946-4CAE0A52E31D","mursit.akkaya","Tavukd2024.!",4,"0","Türkiye","tr",false,false,false,false,false,false,"","ios","2024-11-10T09:37:09.827Z","2021-08-16T11:44:18.377Z","2021-08-16T11:44:35.593Z",null,true,"Mürşit ","Akkaya","11111111111111","5327922808","mursit.akkaya@tavukdunyasi.com",true,true,null,false,"0D-DF-DF-88-92-C2-BA-E8-02-95-9B-2C-41-82-04-7B-54-92-76-98-A2-D1-CE-86-12-D7-3D-33-0E-2D-31-4D","+90",null,false,null,null,null,null,null,null
216,"1A40B971-885E-46D7-A9C9-3BF3857044D0","mustafa.saglam","Tavukd2024.!",4,"180,166,179,178,182,195,175,189,203,213,25,206,214,200,211,167,194,164,30,192,165,161,202,172,193,199,191,196,197,168,181,170,210,205,209,176,198,208,155,69,207,201,183,67,144,55,83,59,118,90,40,8,86,77,143,146,80,70,147,177,4,151,10,99,89,190,85,108,158,115,29,97,122,19,74,96,135,26,136,126,156,33,3,39,16,82,7,140,117,76,154,130,128,139,38,186,54,87,138,24,141,103,48,134,153,11,71,160,187,6,184,162,114,53,100,64,148,63,17,73,41,52,142,9,169,98,137,43,27,188,21,78,28,92,12,95,133,57,18,111,101,163,105,51,157,131,58,75,23,46,5,81,120,56,20,79,66,37,119,34,2,123,116,121,152,104,91,22,32,171,1,129","Türkiye","tr",false,false,false,false,false,false,"",null,"2022-01-12T13:40:06.660Z","2021-06-09T10:10:24.787Z","2021-05-19T14:16:03.693Z",null,false,"Mustafa","Sağlam","1","5428981828","mustafa.saglam@tavukdunyasi.com",true,true,null,true,"FE-DE-E9-8B-DA-9C-37-51-BE-2F-F2-6D-1D-D9-FB-89-9D-9D-0C-5B-7C-BC-06-7D-40-EC-0E-F5-FD-E4-7D-02","+90",null,null,null,null,null,null,null,null
251,"0E60F186-2341-4DC2-B420-F4D5206E3516","enes.sahin","Tavukd2024.!",4,"0","Türkiye","tr",false,false,false,false,false,false,"",null,"2023-04-18T13:47:31.330Z","2021-06-25T11:19:01.583Z","2021-06-25T11:29:35.160Z",null,false,"Enes","Şahin","1","5428342906","enes.sahin@tavukdunyasi.com",true,true,null,true,"FE-DE-E9-8B-DA-9C-37-51-BE-2F-F2-6D-1D-D9-FB-89-9D-9D-0C-5B-7C-BC-06-7D-40-EC-0E-F5-FD-E4-7D-02","+90",null,false,null,null,null,null,null,null