[
  {
    "UserID": 2,
    "UserCode": "D485662B-8798-4FBC-9F3A-E8154D956717",
    "UserName": "volkanmumcu",
    "UserPWD": "Tavukd2024.!",
    "Category": 4,
    "UserBranchs": "0",
    "DefaultCountry": "Türkiye",
    "LanguageName": "tr",
    "DisableNotification": false,
    "DisableLangaugeEditor": false,
    "DisableMailSettings": false,
    "DisableBranchMessage": false,
    "DisableBranchControlForm": false,
    "DisableDashboardReport": false,
    "HiddenReports": "",
    "UserDevices": "ios",
    "LastLoginDatetime1": "2024-05-18T19:08:23.180Z",
    "LastLoginDatetime2": "2021-08-16T21:10:21.210Z",
    "LastActivityDatetime": "2021-08-16T21:10:22.650Z",
    "PasswordChangeDateTime": null,
    "IsActive": true,
    "Name": "Volkan",
    "SurName": "Mumcu",
    "TaxNo": "1",
    "PhoneNumber": "5332932891",
    "EMail": "asa@asd.com",
    "SmsRequired": true,
    "SmsRequiredYedek": true,
    "Locked": null,
    "NewUser": true,
    "EncryptedPass": "FE-DE-E9-8B-DA-9C-37-51-BE-2F-F2-6D-1D-D9-FB-89-9D-9D-0C-5B-7C-BC-06-7D-40-EC-0E-F5-FD-E4-7D-02",
    "PhoneCode": "+90",
    "CalculatePoint": null,
    "ReLogin": null,
    "PwdCantChange": null,
    "TicketCreate": null,
    "TicketUser": null
  },
  {
    "UserID": 3,
    "UserCode": "2E5CF8BA-3896-40A1-8931-96C495A3F486",
    "UserName": "mediterra",
    "UserPWD": "Tavukd2024.!",
    "Category": 4,
    "UserBranchs": "247,256,180,234,166,225,179,237,178,224,241,182,195,240,175,223,189,230,238,203,213,216,217,25,206,204,214,200,227,211,248,254,235,167,194,232,164,255,236,30,251,192,165,239,161,249,202,173,172,221,212,193,199,226,243,191,233,218,196,229,197,168,181,231,170,210,205,209,174,176,215,244,220,246,228,245,198,208,155,69,222,207,242,201,253,183,67,49,144,110,55,124,83,59,118,90,40,8,86,77,143,146,80,70,147,159,177,4,151,107,10,99,89,190,85,108,31,125,158,115,29,97,122,19,74,96,135,26,136,126,156,33,3,250,39,16,82,7,35,47,68,140,65,88,84,9996,117,76,154,130,128,139,38,186,54,62,87,138,106,24,45,219,141,103,48,94,134,112,153,11,71,160,187,6,184,162,114,53,100,64,148,63,17,73,41,109,52,142,9,145,169,98,137,43,27,113,188,21,78,28,92,12,95,9995,150,133,57,36,365,18,111,101,50,163,149,14,105,51,44,157,131,58,75,23,61,46,5,13,81,120,56,185,102,15,20,257,79,66,72,37,119,34,2,123,116,42,121,60,152,104,252,91,22,32,171,132,93,1,129,127",
    "DefaultCountry": "Türkiye",
    "LanguageName": "tr",
    "DisableNotification": false,
    "DisableLangaugeEditor": false,
    "DisableMailSettings": false,
    "DisableBranchMessage": false,
    "DisableBranchControlForm": false,
    "DisableDashboardReport": false,
    "HiddenReports": "",
    "UserDevices": "ios",
    "LastLoginDatetime1": "2022-10-21T23:19:13.523Z",
    "LastLoginDatetime2": "2021-08-16T13:37:08.227Z",
    "LastActivityDatetime": "2021-08-16T13:37:09.010Z",
    "PasswordChangeDateTime": null,
    "IsActive": true,
    "Name": "Ahmet",
    "SurName": "Faralyalı",
    "TaxNo": "1",
    "PhoneNumber": "5338101091",
    "EMail": "ahmet.faralyali@mediterra.com",
    "SmsRequired": true,
    "SmsRequiredYedek": false,
    "Locked": null,
    "NewUser": true,
    "EncryptedPass": "FE-DE-E9-8B-DA-9C-37-51-BE-2F-F2-6D-1D-D9-FB-89-9D-9D-0C-5B-7C-BC-06-7D-40-EC-0E-F5-FD-E4-7D-02",
    "PhoneCode": "+90",
    "CalculatePoint": null,
    "ReLogin": null,
    "PwdCantChange": null,
    "TicketCreate": null,
    "TicketUser": null
  },
  {
    "UserID": 4,
    "UserCode": "018AA24B-19F9-4875-828F-779A2F8DAF0B",
    "UserName": "ismailtanil",
    "UserPWD": "Tavukd2024.!",
    "Category": 4,
    "UserBranchs": "180,166,179,178,182,195,175,189,203,213,25,206,204,214,200,211,167,194,164,30,192,165,161,202,173,172,212,193,199,191,196,197,168,181,170,210,205,209,174,176,198,208,155,69,207,201,183,67,49,144,110,55,124,83,59,118,90,40,8,86,77,143,146,80,70,147,159,177,4,151,107,10,99,89,190,85,108,31,125,158,115,29,97,122,19,74,96,135,26,136,126,156,33,3,39,16,82,7,35,47,68,140,65,88,84,9996,117,76,154,130,128,139,38,186,54,62,87,138,106,24,45,141,103,48,94,134,112,153,11,71,160,187,6,184,162,114,53,100,64,148,63,17,73,41,109,52,142,9,145,169,98,137,43,27,113,188,21,78,28,92,12,95,150,133,57,36,18,111,101,50,163,149,14,105,51,44,157,131,58,75,23,61,46,5,13,81,120,56,185,102,15,20,79,66,72,37,119,34,2,123,116,42,121,60,152,104,91,22,32,171,132,93,1,129,127",
    "DefaultCountry": "Türkiye",
    "LanguageName": "tr",
    "DisableNotification": false,
    "DisableLangaugeEditor": false,
    "DisableMailSettings": false,
    "DisableBranchMessage": false,
    "DisableBranchControlForm": false,
    "DisableDashboardReport": false,
    "HiddenReports": "",
    "UserDevices": "ios",
    "LastLoginDatetime1": "2021-11-22T17:20:09.960Z",
    "LastLoginDatetime2": "2021-01-27T17:15:56.020Z",
    "LastActivityDatetime": "2021-01-27T17:15:58.003Z",
    "PasswordChangeDateTime": null,
    "IsActive": false,
    "Name": "İsmail",
    "SurName": "Tanıl",
    "TaxNo": "1",
    "PhoneNumber": "5066296303",
    "EMail": "a@a.com",
    "SmsRequired": true,
    "SmsRequiredYedek": false,
    "Locked": null,
    "NewUser": true,
    "EncryptedPass": "FE-DE-E9-8B-DA-9C-37-51-BE-2F-F2-6D-1D-D9-FB-89-9D-9D-0C-5B-7C-BC-06-7D-40-EC-0E-F5-FD-E4-7D-02",
    "PhoneCode": "+90",
    "CalculatePoint": null,
    "ReLogin": null,
    "PwdCantChange": null,
    "TicketCreate": null,
    "TicketUser": null
  },
  {
    "UserID": 5,
    "UserCode": "5843E3F0-93D9-441B-81B9-383E6A6F2EBE",
    "UserName": "erhankarakoc",
    "UserPWD": "Tavukd2024.!",
    "Category": 4,
    "UserBranchs": "0",
    "DefaultCountry": "Türkiye",
    "LanguageName": "tr",
    "DisableNotification": false,
    "DisableLangaugeEditor": false,
    "DisableMailSettings": false,
    "DisableBranchMessage": false,
    "DisableBranchControlForm": false,
    "DisableDashboardReport": false,
    "HiddenReports": "",
    "UserDevices": "ios,ePLKCpNfMxk:APA91bEUkSJj7b29gXdevlakXICKLtdM1YWv4yXOkNyO39AQ55Eu6jvGaz0T6WQEkJdMBK7PrI_A4nm0J_HHQbo1rM6hkSsQCUwgKqMNoPQH8HRdfoQXMa08dh4SVgDvoYLD6fczr890",
    "LastLoginDatetime1": "2024-05-21T10:32:08.160Z",
    "LastLoginDatetime2": "2021-08-17T12:17:16.493Z",
    "LastActivityDatetime": "2021-08-17T12:17:17.413Z",
    "PasswordChangeDateTime": null,
    "IsActive": true,
    "Name": "Erhan",
    "SurName": "Karakoç",
    "TaxNo": "1",
    "PhoneNumber": "5303431413",
    "EMail": "erhan.karakoc@tavukdunyasi.com",
    "SmsRequired": false,
    "SmsRequiredYedek": false,
    "Locked": null,
    "NewUser": false,
    "EncryptedPass": "FE-DE-E9-8B-DA-9C-37-51-BE-2F-F2-6D-1D-D9-FB-89-9D-9D-0C-5B-7C-BC-06-7D-40-EC-0E-F5-FD-E4-7D-02",
    "PhoneCode": "+90",
    "CalculatePoint": null,
    "ReLogin": false,
    "PwdCantChange": null,
    "TicketCreate": null,
    "TicketUser": null
  },
  {
    "UserID": 6,
    "UserCode": "9AEC83B1-5B40-477D-8D9E-1036CBE2A925",
    "UserName": "serhan.aksu",
    "UserPWD": "Tavukd2024.!",
    "Category": 4,
    "UserBranchs": "180,166,293,179,178,182,195,175,189,203,213,25,206,204,214,200,211,167,194,164,30,192,165,161,202,173,172,295,212,193,199,191,196,197,168,181,170,210,205,209,174,176,198,208,155,69,207,201,183,67,49,144,110,55,124,83,59,118,90,40,8,86,77,143,146,80,70,147,159,177,4,151,107,10,99,89,190,85,108,31,125,158,115,29,97,122,19,74,96,135,26,136,126,156,33,3,39,16,82,7,35,47,68,140,65,88,84,9996,117,76,154,130,128,139,38,186,54,62,87,138,106,24,45,141,103,48,94,134,112,153,11,71,160,187,6,184,162,114,53,100,64,148,63,17,73,41,109,52,142,9,145,169,98,137,43,27,113,188,21,78,28,92,12,95,150,133,57,36,365,18,111,101,50,163,149,14,105,51,44,157,131,58,75,23,61,46,5,13,81,120,56,185,102,15,20,79,66,72,37,119,34,2,123,116,42,121,307,60,291,152,104,91,22,32,171,132,93,1,129,127",
    "DefaultCountry": "Türkiye",
    "LanguageName": "tr",
    "DisableNotification": false,
    "DisableLangaugeEditor": false,
    "DisableMailSettings": false,
    "DisableBranchMessage": false,
    "DisableBranchControlForm": false,
    "DisableDashboardReport": false,
    "HiddenReports": "",
    "UserDevices": "ios",
    "LastLoginDatetime1": "2024-12-09T12:42:29.883Z",
    "LastLoginDatetime2": "2021-08-10T15:44:26.283Z",
    "LastActivityDatetime": "2021-08-10T15:44:27.500Z",
    "PasswordChangeDateTime": null,
    "IsActive": true,
    "Name": "Serhan",
    "SurName": "Aksu",
    "TaxNo": "1",
    "PhoneNumber": "5455384531",
    "EMail": "serhan.aksu@tavukdunyasi.com",
    "SmsRequired": true,
    "SmsRequiredYedek": true,
    "Locked": null,
    "NewUser": false,
    "EncryptedPass": "51-2B-A3-2D-7F-54-9F-B0-78-01-39-40-6F-C6-85-63-45-15-58-0C-02-9C-6E-7E-45-31-75-B7-9D-AB-CE-E0",
    "PhoneCode": "+90",
    "CalculatePoint": null,
    "ReLogin": false,
    "PwdCantChange": null,
    "TicketCreate": null,
    "TicketUser": null
  },
  {
    "UserID": 8,
    "UserCode": "18DA73AA-0A92-4B5F-A91B-863B0B40D369",
    "UserName": "suleyman.apaydin",
    "UserPWD": "Tavukd2024.!",
    "Category": 1,
    "UserBranchs": "312",
    "DefaultCountry": "Türkiye",
    "LanguageName": "tr",
    "DisableNotification": false,
    "DisableLangaugeEditor": false,
    "DisableMailSettings": false,
    "DisableBranchMessage": false,
    "DisableBranchControlForm": false,
    "DisableDashboardReport": false,
    "HiddenReports": "",
    "UserDevices": "c0MoZziCKII:APA91bFMwc7UtsSmGGhPbhQZvLebQhQYMQmoCGuL04npPo4GctWMQ4pLrYyjmaW4yd1slQ3UV0DA9OoEDZG4gE9yDwbZUf3907RwnTAIF-RRC2zmUkTqJF_s43F9heV2XrFgiC-aTvGp,cXPndC85qNU:APA91bGkhfm_6lWnKTHyX31aDEXcjD34ychjjtV1r9hLrKx9qTOFQK6PqZBwJe2wmTvO3hQ3ZvqQSKcImjqTuWb41Akx2QQo4fkrlcT56DjlHPibvwNkRYEdJ2rmwt_akO2ZFDwW4ISY,ios",
    "LastLoginDatetime1": "2024-12-10T13:39:54.403Z",
    "LastLoginDatetime2": "2021-08-15T15:31:21.770Z",
    "LastActivityDatetime": "2021-08-15T15:31:23.520Z",
    "PasswordChangeDateTime": null,
    "IsActive": true,
    "Name": "Süleyman",
    "SurName": "Apaydın",
    "TaxNo": "1",
    "PhoneNumber": "5553532288",
    "EMail": "suleyman.apaydin@tavukdunyasi.com",
    "SmsRequired": true,
    "SmsRequiredYedek": true,
    "Locked": null,
    "NewUser": false,
    "EncryptedPass": "36-12-23-66-80-19-BE-E5-03-61-E2-57-0B-7F-EA-43-B1-23-46-38-AD-A8-CD-71-F0-A1-6F-AA-85-A9-6F-93",
    "PhoneCode": "+90",
    "CalculatePoint": null,
    "ReLogin": false,
    "PwdCantChange": null,
    "TicketCreate": null,
    "TicketUser": null
  },
  {
    "UserID": 29,
    "UserCode": "03ED6E8A-B201-4D87-B51F-C6E95CF40E53",
    "UserName": "akif.eryigit",
    "UserPWD": "Tavukd2024.!",
    "Category": 1,
    "UserBranchs": "48,300",
    "DefaultCountry": "Türkiye",
    "LanguageName": "tr",
    "DisableNotification": false,
    "DisableLangaugeEditor": false,
    "DisableMailSettings": false,
    "DisableBranchMessage": false,
    "DisableBranchControlForm": false,
    "DisableDashboardReport": false,
    "HiddenReports": "",
    "UserDevices": "ios,ceF7BYgiwJE:APA91bEmTXn9s9lZZk_Pap1JVK-eC5HUUqjkvucmXGMQYPXsPIY5h0O9wVNqBn9GqsFhb0BSpAhpUvpSOzXUXkuGSZWmKuoRHDhe5UTq3OgdyxootHtoOSRoI8h0NZYQeYJV8wlDzXd_",
    "LastLoginDatetime1": "2024-12-09T23:59:07.320Z",
    "LastLoginDatetime2": "2021-08-16T20:52:45.027Z",
    "LastActivityDatetime": "2021-08-16T20:52:46.747Z",
    "PasswordChangeDateTime": null,
    "IsActive": true,
    "Name": "Akif",
    "SurName": "Eryiğit",
    "TaxNo": "11111111111",
    "PhoneNumber": "5308722636",
    "EMail": "ibrahim.cicek@robotpos.com",
    "SmsRequired": true,
    "SmsRequiredYedek": null,
    "Locked": null,
    "NewUser": false,
    "EncryptedPass": "F2-BD-3B-38-F2-3E-22-88-B2-F1-B9-A5-8A-1D-B6-F7-9C-48-FD-2A-58-E3-DF-B7-49-94-C6-E6-FB-86-30-60",
    "PhoneCode": "+90",
    "CalculatePoint": null,
    "ReLogin": false,
    "PwdCantChange": null,
    "TicketCreate": null,
    "TicketUser": null
  },
  {
    "UserID": 192,
    "UserCode": "7E057B80-D0D2-4EC6-B946-4CAE0A52E31D",
    "UserName": "mursit.akkaya",
    "UserPWD": "Tavukd2024.!",
    "Category": 4,
    "UserBranchs": "0",
    "DefaultCountry": "Türkiye",
    "LanguageName": "tr",
    "DisableNotification": false,
    "DisableLangaugeEditor": false,
    "DisableMailSettings": false,
    "DisableBranchMessage": false,
    "DisableBranchControlForm": false,
    "DisableDashboardReport": false,
    "HiddenReports": "",
    "UserDevices": "ios",
    "LastLoginDatetime1": "2024-11-10T09:37:09.827Z",
    "LastLoginDatetime2": "2021-08-16T11:44:18.377Z",
    "LastActivityDatetime": "2021-08-16T11:44:35.593Z",
    "PasswordChangeDateTime": null,
    "IsActive": true,
    "Name": "Mürşit ",
    "SurName": "Akkaya",
    "TaxNo": "11111111111111",
    "PhoneNumber": "5327922808",
    "EMail": "mursit.akkaya@tavukdunyasi.com",
    "SmsRequired": true,
    "SmsRequiredYedek": true,
    "Locked": null,
    "NewUser": false,
    "EncryptedPass": "0D-DF-DF-88-92-C2-BA-E8-02-95-9B-2C-41-82-04-7B-54-92-76-98-A2-D1-CE-86-12-D7-3D-33-0E-2D-31-4D",
    "PhoneCode": "+90",
    "CalculatePoint": null,
    "ReLogin": false,
    "PwdCantChange": null,
    "TicketCreate": null,
    "TicketUser": null
  },
  {
    "UserID": 216,
    "UserCode": "1A40B971-885E-46D7-A9C9-3BF3857044D0",
    "UserName": "mustafa.saglam",
    "UserPWD": "Tavukd2024.!",
    "Category": 4,
    "UserBranchs": "180,166,179,178,182,195,175,189,203,213,25,206,214,200,211,167,194,164,30,192,165,161,202,172,193,199,191,196,197,168,181,170,210,205,209,176,198,208,155,69,207,201,183,67,144,55,83,59,118,90,40,8,86,77,143,146,80,70,147,177,4,151,10,99,89,190,85,108,158,115,29,97,122,19,74,96,135,26,136,126,156,33,3,39,16,82,7,140,117,76,154,130,128,139,38,186,54,87,138,24,141,103,48,134,153,11,71,160,187,6,184,162,114,53,100,64,148,63,17,73,41,52,142,9,169,98,137,43,27,188,21,78,28,92,12,95,133,57,18,111,101,163,105,51,157,131,58,75,23,46,5,81,120,56,20,79,66,37,119,34,2,123,116,121,152,104,91,22,32,171,1,129",
    "DefaultCountry": "Türkiye",
    "LanguageName": "tr",
    "DisableNotification": false,
    "DisableLangaugeEditor": false,
    "DisableMailSettings": false,
    "DisableBranchMessage": false,
    "DisableBranchControlForm": false,
    "DisableDashboardReport": false,
    "HiddenReports": "",
    "UserDevices": null,
    "LastLoginDatetime1": "2022-01-12T13:40:06.660Z",
    "LastLoginDatetime2": "2021-06-09T10:10:24.787Z",
    "LastActivityDatetime": "2021-05-19T14:16:03.693Z",
    "PasswordChangeDateTime": null,
    "IsActive": false,
    "Name": "Mustafa",
    "SurName": "Sağlam",
    "TaxNo": "1",
    "PhoneNumber": "5428981828",
    "EMail": "mustafa.saglam@tavukdunyasi.com",
    "SmsRequired": true,
    "SmsRequiredYedek": true,
    "Locked": null,
    "NewUser": true,
    "EncryptedPass": "FE-DE-E9-8B-DA-9C-37-51-BE-2F-F2-6D-1D-D9-FB-89-9D-9D-0C-5B-7C-BC-06-7D-40-EC-0E-F5-FD-E4-7D-02",
    "PhoneCode": "+90",
    "CalculatePoint": null,
    "ReLogin": null,
    "PwdCantChange": null,
    "TicketCreate": null,
    "TicketUser": null
  },
  {
    "UserID": 251,
    "UserCode": "0E60F186-2341-4DC2-B420-F4D5206E3516",
    "UserName": "enes.sahin",
    "UserPWD": "Tavukd2024.!",
    "Category": 4,
    "UserBranchs": "0",
    "DefaultCountry": "Türkiye",
    "LanguageName": "tr",
    "DisableNotification": false,
    "DisableLangaugeEditor": false,
    "DisableMailSettings": false,
    "DisableBranchMessage": false,
    "DisableBranchControlForm": false,
    "DisableDashboardReport": false,
    "HiddenReports": "",
    "UserDevices": null,
    "LastLoginDatetime1": "2023-04-18T13:47:31.330Z",
    "LastLoginDatetime2": "2021-06-25T11:19:01.583Z",
    "LastActivityDatetime": "2021-06-25T11:29:35.160Z",
    "PasswordChangeDateTime": null,
    "IsActive": false,
    "Name": "Enes",
    "SurName": "Şahin",
    "TaxNo": "1",
    "PhoneNumber": "5428342906",
    "EMail": "enes.sahin@tavukdunyasi.com",
    "SmsRequired": true,
    "SmsRequiredYedek": true,
    "Locked": null,
    "NewUser": true,
    "EncryptedPass": "FE-DE-E9-8B-DA-9C-37-51-BE-2F-F2-6D-1D-D9-FB-89-9D-9D-0C-5B-7C-BC-06-7D-40-EC-0E-F5-FD-E4-7D-02",
    "PhoneCode": "+90",
    "CalculatePoint": null,
    "ReLogin": false,
    "PwdCantChange": null,
    "TicketCreate": null,
    "TicketUser": null
  },
  {
    "UserID": 267,
    "UserCode": "7B14BE84-09DE-469F-BC5C-FFE2DF4A165E",
    "UserName": "oguzhan.sarikaya",
    "UserPWD": "Tavukd2024.!",
    "Category": 3,
    "UserBranchs": "175",
    "DefaultCountry": "Türkiye",
    "LanguageName": "tr",
    "DisableNotification": false,
    "DisableLangaugeEditor": false,
    "DisableMailSettings": false,
    "DisableBranchMessage": false,
    "DisableBranchControlForm": false,
    "DisableDashboardReport": false,
    "HiddenReports": "",
    "UserDevices": null,
    "LastLoginDatetime1": "2023-04-28T19:40:49.637Z",
    "LastLoginDatetime2": "2021-08-16T22:03:46.047Z",
    "LastActivityDatetime": "2021-08-16T22:03:48.593Z",
    "PasswordChangeDateTime": null,
    "IsActive": false,
    "Name": "OĞUZHAN",
    "SurName": "SARIKAYA",
    "TaxNo": "111111",
    "PhoneNumber": "5303252724",
    "EMail": "oguzhan@tavukdunyasi.com",
    "SmsRequired": true,
    "SmsRequiredYedek": null,
    "Locked": null,
    "NewUser": true,
    "EncryptedPass": "FE-DE-E9-8B-DA-9C-37-51-BE-2F-F2-6D-1D-D9-FB-89-9D-9D-0C-5B-7C-BC-06-7D-40-EC-0E-F5-FD-E4-7D-02",
    "PhoneCode": "+90",
    "CalculatePoint": null,
    "ReLogin": false,
    "PwdCantChange": null,
    "TicketCreate": null,
    "TicketUser": null
  },
  {
    "UserID": 275,
    "UserCode": "C63B30B5-E752-4B27-AFD8-00CB484BDF0B",
    "UserName": "ceylan.ozmen",
    "UserPWD": "Tavukd2024.!",
    "Category": 4,
    "UserBranchs": "0",
    "DefaultCountry": "Türkiye",
    "LanguageName": "tr",
    "DisableNotification": false,
    "DisableLangaugeEditor": false,
    "DisableMailSettings": false,
    "DisableBranchMessage": false,
    "DisableBranchControlForm": false,
    "DisableDashboardReport": false,
    "HiddenReports": "",
    "UserDevices": null,
    "LastLoginDatetime1": "2024-05-10T18:13:47.357Z",
    "LastLoginDatetime2": "2021-07-07T09:27:20.757Z",
    "LastActivityDatetime": "2021-07-07T09:27:21.820Z",
    "PasswordChangeDateTime": null,
    "IsActive": true,
    "Name": "CEYLAN",
    "SurName": "ÖZMEN",
    "TaxNo": "111111111111",
    "PhoneNumber": "5301713783",
    "EMail": "ceylan.ozmen@tavukdunyasi.com",
    "SmsRequired": true,
    "SmsRequiredYedek": null,
    "Locked": null,
    "NewUser": true,
    "EncryptedPass": "FE-DE-E9-8B-DA-9C-37-51-BE-2F-F2-6D-1D-D9-FB-89-9D-9D-0C-5B-7C-BC-06-7D-40-EC-0E-F5-FD-E4-7D-02",
    "PhoneCode": "+90",
    "CalculatePoint": null,
    "ReLogin": false,
    "PwdCantChange": null,
    "TicketCreate": null,
    "TicketUser": null
  },
  {
    "UserID": 277,
    "UserCode": "938A5FF5-797A-4145-AD71-AEB0C6471E33",
    "UserName": "meric.atalay",
    "UserPWD": "Tavukd2024.!",
    "Category": 4,
    "UserBranchs": "0",
    "DefaultCountry": "Türkiye",
    "LanguageName": "tr",
    "DisableNotification": false,
    "DisableLangaugeEditor": false,
    "DisableMailSettings": false,
    "DisableBranchMessage": false,
    "DisableBranchControlForm": false,
    "DisableDashboardReport": false,
    "HiddenReports": "",
    "UserDevices": null,
    "LastLoginDatetime1": "2022-12-14T15:15:31.177Z",
    "LastLoginDatetime2": "2021-06-08T22:23:50.837Z",
    "LastActivityDatetime": "2021-06-08T22:26:00.950Z",
    "PasswordChangeDateTime": null,
    "IsActive": true,
    "Name": "MERİÇ",
    "SurName": "ATALAY",
    "TaxNo": "111111111111",
    "PhoneNumber": "5465896293",
    "EMail": "meric.atalay@tavukdunyasi.com",
    "SmsRequired": true,
    "SmsRequiredYedek": null,
    "Locked": null,
    "NewUser": true,
    "EncryptedPass": "FE-DE-E9-8B-DA-9C-37-51-BE-2F-F2-6D-1D-D9-FB-89-9D-9D-0C-5B-7C-BC-06-7D-40-EC-0E-F5-FD-E4-7D-02",
    "PhoneCode": "+90",
    "CalculatePoint": null,
    "ReLogin": false,
    "PwdCantChange": null,
    "TicketCreate": null,
    "TicketUser": null
  },
  {
    "UserID": 280,
    "UserCode": "62EE53C2-3150-41E0-A7AD-3A6DB18CF272",
    "UserName": "serdar.kose",
    "UserPWD": "Tavukd2024.!",
    "Category": 1,
    "UserBranchs": "241,205,299,253,17,73",
    "DefaultCountry": "Türkiye",
    "LanguageName": "tr",
    "DisableNotification": false,
    "DisableLangaugeEditor": false,
    "DisableMailSettings": false,
    "DisableBranchMessage": false,
    "DisableBranchControlForm": false,
    "DisableDashboardReport": false,
    "HiddenReports": "",
    "UserDevices": null,
    "LastLoginDatetime1": "2024-12-09T18:02:08.723Z",
    "LastLoginDatetime2": null,
    "LastActivityDatetime": null,
    "PasswordChangeDateTime": null,
    "IsActive": true,
    "Name": "SERDAR",
    "SurName": "KÖSE",
    "TaxNo": "11111111111",
    "PhoneNumber": "5325972001",
    "EMail": "konyatd@gmail.com",
    "SmsRequired": true,
    "SmsRequiredYedek": null,
    "Locked": null,
    "NewUser": true,
    "EncryptedPass": "FE-DE-E9-8B-DA-9C-37-51-BE-2F-F2-6D-1D-D9-FB-89-9D-9D-0C-5B-7C-BC-06-7D-40-EC-0E-F5-FD-E4-7D-02",
    "PhoneCode": "+90",
    "CalculatePoint": null,
    "ReLogin": false,
    "PwdCantChange": null,
    "TicketCreate": null,
    "TicketUser": null
  },
  {
    "UserID": 281,
    "UserCode": "EBE456BA-6D03-4F52-89A7-C1386DD3169E",
    "UserName": "kalaycioglu.saim",
    "UserPWD": "Esra3437.",
    "Category": 1,
    "UserBranchs": "179,241,147,82",
    "DefaultCountry": "Türkiye",
    "LanguageName": "tr",
    "DisableNotification": false,
    "DisableLangaugeEditor": false,
    "DisableMailSettings": false,
    "DisableBranchMessage": false,
    "DisableBranchControlForm": false,
    "DisableDashboardReport": false,
    "HiddenReports": "1729,437,909091,4596572,61101,1916,1721,5565482,65772,904748,123649,123648,9955876,9955877,4377,8659526,1727",
    "UserDevices": null,
    "LastLoginDatetime1": "2024-12-09T17:29:37.847Z",
    "LastLoginDatetime2": "2021-08-16T21:45:19.580Z",
    "LastActivityDatetime": "2021-08-16T21:45:20.707Z",
    "PasswordChangeDateTime": null,
    "IsActive": true,
    "Name": "SAİM",
    "SurName": "KALAYCIOĞLU",
    "TaxNo": "11111111111111",
    "PhoneNumber": "543 713 86 35",
    "EMail": "esra.turgut@tavukdunyasi.com",
    "SmsRequired": true,
    "SmsRequiredYedek": null,
    "Locked": null,
    "NewUser": false,
    "EncryptedPass": "67-4B-E5-58-47-D8-86-7F-6A-F0-29-CD-3D-8D-5A-DB-B6-08-4E-3D-78-A6-90-05-7F-33-4E-7A-84-99-E6-8E",
    "PhoneCode": "+90",
    "CalculatePoint": null,
    "ReLogin": false,
    "PwdCantChange": null,
    "TicketCreate": null,
    "TicketUser": null
  },
  {
    "UserID": 303,
    "UserCode": "68745BBD-692F-42A1-A2CB-4A75289B6E9A",
    "UserName": "gungor.tanriyakul",
    "UserPWD": "Tavukd2024.!",
    "Category": 1,
    "UserBranchs": "70",
    "DefaultCountry": "Türkiye",
    "LanguageName": "tr",
    "DisableNotification": false,
    "DisableLangaugeEditor": false,
    "DisableMailSettings": false,
    "DisableBranchMessage": false,
    "DisableBranchControlForm": false,
    "DisableDashboardReport": false,
    "HiddenReports": "",
    "UserDevices": null,
    "LastLoginDatetime1": "2024-05-13T21:50:21.000Z",
    "LastLoginDatetime2": "2021-08-16T21:30:23.177Z",
    "LastActivityDatetime": "2021-08-16T21:30:24.397Z",
    "PasswordChangeDateTime": null,
    "IsActive": true,
    "Name": "GÜNGÖR",
    "SurName": "TANRIYAKUL",
    "TaxNo": "111111111111",
    "PhoneNumber": "5324750148",
    "EMail": "tdankamall@gmail.com",
    "SmsRequired": true,
    "SmsRequiredYedek": null,
    "Locked": null,
    "NewUser": true,
    "EncryptedPass": "FE-DE-E9-8B-DA-9C-37-51-BE-2F-F2-6D-1D-D9-FB-89-9D-9D-0C-5B-7C-BC-06-7D-40-EC-0E-F5-FD-E4-7D-02",
    "PhoneCode": "+90",
    "CalculatePoint": null,
    "ReLogin": false,
    "PwdCantChange": null,
    "TicketCreate": null,
    "TicketUser": null
  },
  {
    "UserID": 309,
    "UserCode": "A7FD3A74-4BA7-4FA2-B927-0E778583AF72",
    "UserName": "arda.cingoz2",
    "UserPWD": "Tavukd2024.!",
    "Category": 1,
    "UserBranchs": "243",
    "DefaultCountry": "Türkiye",
    "LanguageName": "tr",
    "DisableNotification": false,
    "DisableLangaugeEditor": false,
    "DisableMailSettings": false,
    "DisableBranchMessage": false,
    "DisableBranchControlForm": false,
    "DisableDashboardReport": false,
    "HiddenReports": "",
    "UserDevices": null,
    "LastLoginDatetime1": "2024-12-08T18:16:10.640Z",
    "LastLoginDatetime2": "2021-08-16T23:10:37.533Z",
    "LastActivityDatetime": "2021-08-16T23:10:39.080Z",
    "PasswordChangeDateTime": null,
    "IsActive": true,
    "Name": "arda",
    "SurName": "arda",
    "TaxNo": "111111111111",
    "PhoneNumber": "5303432260",
    "EMail": "asa@gmail.com",
    "SmsRequired": true,
    "SmsRequiredYedek": null,
    "Locked": null,
    "NewUser": true,
    "EncryptedPass": "FE-DE-E9-8B-DA-9C-37-51-BE-2F-F2-6D-1D-D9-FB-89-9D-9D-0C-5B-7C-BC-06-7D-40-EC-0E-F5-FD-E4-7D-02",
    "PhoneCode": "+90",
    "CalculatePoint": null,
    "ReLogin": false,
    "PwdCantChange": null,
    "TicketCreate": null,
    "TicketUser": null
  },
  {
    "UserID": 314,
    "UserCode": "32D58EC4-C95C-4506-A241-52321C4CC2D4",
    "UserName": "selin.satici",
    "UserPWD": "Tavukd2024.!",
    "Category": 4,
    "UserBranchs": "247,180,234,166,225,179,237,178,224,241,182,195,240,175,223,189,230,238,203,213,216,217,25,206,204,214,200,227,211,248,235,167,194,232,164,236,30,251,192,165,239,161,249,202,173,172,221,212,193,199,226,243,191,233,218,196,229,197,168,181,231,170,210,205,209,174,176,215,244,220,246,228,245,198,208,155,69,222,207,242,201,253,183,67,49,144,110,55,124,83,59,118,90,40,8,86,77,143,146,80,70,147,159,177,4,151,107,10,99,89,190,85,108,31,125,158,115,29,97,122,19,74,96,135,26,136,126,156,33,3,250,39,16,82,7,35,47,68,140,65,88,84,9996,117,76,154,130,128,139,38,186,54,62,87,138,106,24,45,219,141,103,48,94,134,112,153,11,71,160,187,6,184,162,114,53,100,64,148,63,17,73,41,109,52,142,9,145,169,98,137,43,27,113,188,21,78,28,92,12,95,9995,150,133,57,36,365,18,111,101,50,163,149,14,105,51,44,157,131,58,75,23,61,46,5,13,81,120,56,185,102,15,20,79,66,72,37,119,34,2,123,116,42,121,60,152,104,252,91,22,32,171,132,93,1,129,127",
    "DefaultCountry": "Türkiye",
    "LanguageName": "tr",
    "DisableNotification": false,
    "DisableLangaugeEditor": false,
    "DisableMailSettings": false,
    "DisableBranchMessage": false,
    "DisableBranchControlForm": false,
    "DisableDashboardReport": false,
    "HiddenReports": "",
    "UserDevices": null,
    "LastLoginDatetime1": "2024-12-06T10:11:12.127Z",
    "LastLoginDatetime2": "2021-08-16T10:49:56.387Z",
    "LastActivityDatetime": "2021-08-16T10:50:31.920Z",
    "PasswordChangeDateTime": null,
    "IsActive": true,
    "Name": "Selin",
    "SurName": "Satıcı",
    "TaxNo": "111111111",
    "PhoneNumber": "5348937928",
    "EMail": "selin.satici@tavukdunyasi.com",
    "SmsRequired": true,
    "SmsRequiredYedek": null,
    "Locked": null,
    "NewUser": false,
    "EncryptedPass": "0B-21-57-41-89-E6-9F-AD-0B-B5-5F-40-6C-F9-C8-21-8D-FC-C3-E3-E0-BD-37-71-51-A5-9A-DC-F8-01-CF-FB",
    "PhoneCode": "+90",
    "CalculatePoint": null,
    "ReLogin": false,
    "PwdCantChange": null,
    "TicketCreate": null,
    "TicketUser": null
  },
  {
    "UserID": 336,
    "UserCode": "95980108-4199-49A1-B7B5-7A4060162938",
    "UserName": "dogan.topkaya",
    "UserPWD": "Tavukd2024.!",
    "Category": 4,
    "UserBranchs": "0",
    "DefaultCountry": "Türkiye",
    "LanguageName": "tr",
    "DisableNotification": false,
    "DisableLangaugeEditor": false,
    "DisableMailSettings": false,
    "DisableBranchMessage": false,
    "DisableBranchControlForm": false,
    "DisableDashboardReport": false,
    "HiddenReports": "1729,62450,62451,24011,62452,62453,1727,954513,1840,9199574,122997,8999,89999",
    "UserDevices": null,
    "LastLoginDatetime1": "2024-05-20T15:35:54.803Z",
    "LastLoginDatetime2": "2021-07-20T22:39:02.917Z",
    "LastActivityDatetime": "2021-07-20T22:39:04.297Z",
    "PasswordChangeDateTime": null,
    "IsActive": true,
    "Name": "Doğan",
    "SurName": "Topkaya",
    "TaxNo": "11111111",
    "PhoneNumber": "5426825100",
    "EMail": "dogan.topkaya@tavukdunyasi.com",
    "SmsRequired": true,
    "SmsRequiredYedek": null,
    "Locked": false,
    "NewUser": true,
    "EncryptedPass": "FE-DE-E9-8B-DA-9C-37-51-BE-2F-F2-6D-1D-D9-FB-89-9D-9D-0C-5B-7C-BC-06-7D-40-EC-0E-F5-FD-E4-7D-02",
    "PhoneCode": "+90",
    "CalculatePoint": null,
    "ReLogin": false,
    "PwdCantChange": null,
    "TicketCreate": null,
    "TicketUser": null
  },
  {
    "UserID": 354,
    "UserCode": "34DD7502-A6B0-40F8-8E42-24B906ABA65E",
    "UserName": "mete.kuras",
    "UserPWD": "Tavukd2024.!",
    "Category": 1,
    "UserBranchs": "253",
    "DefaultCountry": "Türkiye",
    "LanguageName": "tr",
    "DisableNotification": false,
    "DisableLangaugeEditor": false,
    "DisableMailSettings": false,
    "DisableBranchMessage": false,
    "DisableBranchControlForm": false,
    "DisableDashboardReport": false,
    "HiddenReports": "9004,9005,18,9023,9024,245016,1729,437,909091,4596572,61101,1916,1721,1722,531,1791,5565482,65772,904748,904749,123649,123648,9955875,9955876,9955877,9955878,9955879,9955880,4377,8659526,62450,62451,24011,62452,62453,1727,954513,1840,9199574,122997,8999,89999",
    "UserDevices": null,
    "LastLoginDatetime1": "2024-12-08T22:40:44.273Z",
    "LastLoginDatetime2": "2021-08-16T22:04:25.500Z",
    "LastActivityDatetime": "2021-08-16T22:04:27.280Z",
    "PasswordChangeDateTime": null,
    "IsActive": true,
    "Name": "Mustafa",
    "SurName": "KURAŞ",
    "TaxNo": "111111111",
    "PhoneNumber": "5054537254",
    "EMail": "mete.kuras@outlook.com",
    "SmsRequired": true,
    "SmsRequiredYedek": null,
    "Locked": null,
    "NewUser": true,
    "EncryptedPass": "FE-DE-E9-8B-DA-9C-37-51-BE-2F-F2-6D-1D-D9-FB-89-9D-9D-0C-5B-7C-BC-06-7D-40-EC-0E-F5-FD-E4-7D-02",
    "PhoneCode": "+90",
    "CalculatePoint": null,
    "ReLogin": false,
    "PwdCantChange": null,
    "TicketCreate": null,
    "TicketUser": null
  }
]